Dataset,Model,Lambda,Fold,Accuracy,Latency,Depth,FitTime,SOPs
BreastCancer,CART,0.0,1,0.912280701754386,0.0,7.0,0.0,
BreastCancer,RF,0.0,1,0.9824561403508772,0.0,10.0,0.0,
BreastCancer,NST,0.0,1,0.912280701754386,38.09372329711914,6.0,0.2365829944610595,
BreastCancer,NSF,0.0,1,0.9385964912280702,37.89950204888979,5.0,0.8566486835479736,
BreastCancer,NST,0.1,1,0.9210526315789472,36.55521774291992,8.0,0.2972443103790283,
BreastCancer,NSF,0.1,1,0.9473684210526316,35.914629105831445,5.0,0.9903509616851808,
BreastCancer,NST,0.25,1,0.9385964912280702,36.86277770996094,10.0,0.375051736831665,
BreastCancer,NSF,0.25,1,0.9473684210526316,34.12868074882797,9.4,1.7079994678497314,
BreastCancer,NST,0.5,1,0.9649122807017544,33.62144088745117,10.0,0.4531855583190918,
BreastCancer,NSF,0.5,1,0.9473684210526316,32.61174877317328,10.0,1.97501802444458,
BreastCancer,CART,0.0,2,0.912280701754386,0.0,8.0,0.0,
BreastCancer,RF,0.0,2,0.9473684210526316,0.0,10.0,0.0,
BreastCancer,NST,0.0,2,0.912280701754386,40.07634353637695,5.0,0.2157440185546875,
BreastCancer,NSF,0.0,2,0.9298245614035088,38.208909710387736,4.4,0.8445837497711182,
BreastCancer,NST,0.1,2,0.9035087719298246,39.69398514429728,10.0,0.3758265972137451,
BreastCancer,NSF,0.1,2,0.9473684210526316,36.98868684538623,7.0,1.1871552467346191,
BreastCancer,NST,0.25,2,0.9210526315789472,36.25529479980469,10.0,0.334007978439331,
BreastCancer,NSF,0.25,2,0.9210526315789472,37.44039306598797,9.6,1.790160894393921,
BreastCancer,NST,0.5,2,0.9210526315789472,35.641357421875,10.0,0.3518657684326172,
BreastCancer,NSF,0.5,2,0.9385964912280702,33.53773890336355,10.0,2.0751266479492188,
BreastCancer,CART,0.0,3,0.9473684210526316,0.0,7.0,0.0,
BreastCancer,RF,0.0,3,0.9912280701754386,0.0,10.0,0.0,
BreastCancer,NST,0.0,3,0.9035087719298246,38.79516220092773,5.0,0.2020211219787597,
BreastCancer,NSF,0.0,3,0.9649122807017544,37.66820440494527,4.8,0.7797482013702393,
BreastCancer,NST,0.1,3,0.8421052631578947,36.678897857666016,6.0,0.273292064666748,
BreastCancer,NSF,0.1,3,0.9649122807017544,33.98921561624572,5.6,0.8246872425079346,
BreastCancer,NST,0.25,3,0.912280701754386,34.27360916137695,10.0,0.3384201526641845,
BreastCancer,NSF,0.25,3,0.9385964912280702,35.227585504487244,8.2,1.4663400650024414,
BreastCancer,NST,0.5,3,0.956140350877193,32.5373467897114,10.0,0.3986380100250244,
BreastCancer,NSF,0.5,3,0.956140350877193,32.15451341037862,10.0,2.0509026050567627,
BreastCancer,CART,0.0,4,0.9035087719298246,0.0,6.0,0.0,
BreastCancer,RF,0.0,4,0.9385964912280702,0.0,10.0,0.0,
BreastCancer,NST,0.0,4,0.8421052631578947,41.38775634765625,6.0,0.2042248249053955,
BreastCancer,NSF,0.0,4,0.9385964912280702,37.05723626460249,5.0,0.8786354064941406,
BreastCancer,NST,0.1,4,0.8947368421052632,37.46657552217182,10.0,0.3214032649993896,
BreastCancer,NSF,0.1,4,0.8771929824561403,36.99194245924029,6.6,1.182703971862793,
BreastCancer,NST,0.25,4,0.9473684210526316,38.05107319145872,10.0,0.3993504047393799,
BreastCancer,NSF,0.25,4,0.9385964912280702,36.49083103241279,9.6,1.8722496032714844,
BreastCancer,NST,0.5,4,0.9298245614035088,33.90829888770455,10.0,0.3997018337249756,
BreastCancer,NSF,0.5,4,0.9385964912280702,34.925234878551194,10.0,2.130482912063598,
BreastCancer,CART,0.0,5,0.9203539823008848,0.0,6.0,0.0,
BreastCancer,RF,0.0,5,0.9823008849557522,0.0,10.0,0.0,
BreastCancer,NST,0.0,5,0.7699115044247787,40.46087646484375,7.0,0.2061364650726318,
BreastCancer,NSF,0.0,5,0.7787610619469026,36.18369814498586,5.0,0.9134790897369384,
BreastCancer,NST,0.1,5,0.7964601769911505,34.842979431152344,7.0,0.1958398818969726,
BreastCancer,NSF,0.1,5,0.8849557522123894,33.76527781620138,5.4,0.9733591079711914,
BreastCancer,NST,0.25,5,0.7079646017699115,33.64552688598633,10.0,0.3432722091674804,
BreastCancer,NSF,0.25,5,0.8141592920353983,34.7603339288087,10.0,1.8640904426574707,
BreastCancer,NST,0.5,5,0.9380530973451328,32.44087688479803,10.0,0.3728630542755127,
BreastCancer,NSF,0.5,5,0.8141592920353983,32.41589119103806,9.6,2.0380735397338867,
Wine,CART,0.0,1,0.746875,0.0,10.0,0.0,
Wine,RF,0.0,1,0.7875,0.0,10.0,0.0,
Wine,NST,0.0,1,0.64375,45.99810028076172,10.0,0.4933152198791504,
Wine,NSF,0.0,1,0.68125,44.3245325577259,10.0,1.9759745597839355,
Wine,NST,0.1,1,0.68125,41.42276763916016,10.0,0.3091180324554443,
Wine,NSF,0.1,1,0.665625,41.79410072803497,10.0,1.610734462738037,
Wine,NST,0.25,1,0.659375,37.204534417390825,10.0,0.1986656188964843,
Wine,NSF,0.25,1,0.653125,37.50291016817093,10.0,1.1845765113830566,
Wine,NST,0.5,1,0.528125,14.63258874565363,10.0,0.1203958988189697,
Wine,NSF,0.5,1,0.528125,13.601505443900823,10.0,0.6469523906707764,
Wine,CART,0.0,2,0.728125,0.0,10.0,0.0,
Wine,RF,0.0,2,0.775,0.0,10.0,0.0,
Wine,NST,0.0,2,0.696875,47.194786071777344,10.0,0.4560368061065674,
Wine,NSF,0.0,2,0.728125,46.43928469061852,10.0,1.802326917648316,
Wine,NST,0.1,2,0.64375,44.54780960083008,10.0,0.3207240104675293,
Wine,NSF,0.1,2,0.71875,43.370951798260215,10.0,1.6430420875549316,
Wine,NST,0.25,2,0.703125,37.472785734385255,10.0,0.1902477741241455,
Wine,NSF,0.25,2,0.65625,36.42486652697126,10.0,1.0328598022460938,
Wine,NST,0.5,2,0.53125,13.604561089724305,10.0,0.1195385456085205,
Wine,NSF,0.5,2,0.534375,13.352083497047422,10.0,0.6593103408813477,
Wine,CART,0.0,3,0.7875,0.0,10.0,0.0,
Wine,RF,0.0,3,0.846875,0.0,10.0,0.0,
Wine,NST,0.0,3,0.665625,43.953086853027344,10.0,0.5347459316253662,
Wine,NSF,0.0,3,0.653125,45.19709473729134,10.0,2.0097968578338623,
Wine,NST,0.1,3,0.653125,42.12068557739258,10.0,0.3095033168792724,
Wine,NSF,0.1,3,0.671875,41.77916706264018,10.0,1.805640697479248,
Wine,NST,0.25,3,0.575,33.46474350392818,10.0,0.1875646114349365,
Wine,NSF,0.25,3,0.528125,30.1037695749104,10.0,0.8450636863708496,
Wine,NST,0.5,3,0.534375,13.376848846673964,10.0,0.1122422218322753,
Wine,NSF,0.5,3,0.53125,12.50640148431063,10.0,0.5962958335876465,
Wine,CART,0.0,4,0.78125,0.0,10.0,0.0,
Wine,RF,0.0,4,0.825,0.0,10.0,0.0,
Wine,NST,0.0,4,0.703125,47.52168655395508,10.0,0.4747676849365234,
Wine,NSF,0.0,4,0.7125,47.34792641162873,10.0,2.00057339668274,
Wine,NST,0.1,4,0.715625,41.29839324951172,10.0,0.3733870983123779,
Wine,NSF,0.1,4,0.734375,42.918034325043365,10.0,1.691941261291504,
Wine,NST,0.25,4,0.684375,37.07677851617336,10.0,0.1805098056793213,
Wine,NSF,0.25,4,0.671875,34.58261230116089,10.0,0.9113082885742188,
Wine,NST,0.5,4,0.5375,16.668377834558488,10.0,0.114215612411499,
Wine,NSF,0.5,4,0.5375,16.255962524414063,10.0,0.611342191696167,
Wine,CART,0.0,5,0.7241379310344828,0.0,10.0,0.0,
Wine,RF,0.0,5,0.8275862068965517,0.0,10.0,0.0,
Wine,NST,0.0,5,0.7053291536050157,46.45479202270508,10.0,0.4543013572692871,
Wine,NSF,0.0,5,0.6959247648902821,46.5168880881187,10.0,1.9308960437774656,
Wine,NST,0.1,5,0.6614420062695925,41.32661437988281,10.0,0.3318614959716797,
Wine,NSF,0.1,5,0.7304075235109718,41.07712023514814,10.0,1.5988764762878418,
Wine,NST,0.25,5,0.7147335423197492,37.32530373540418,10.0,0.1752815246582031,
Wine,NSF,0.25,5,0.7210031347962382,36.5913754833654,10.0,0.9339830875396729,
Wine,NST,0.5,5,0.5329153605015674,14.286971474889675,10.0,0.1158151626586914,
Wine,NSF,0.5,5,0.5297805642633229,15.74964907939158,10.0,0.6634397506713867,
Heart,CART,0.0,1,0.8148148148148148,0.0,8.0,0.0,
Heart,RF,0.0,1,0.8333333333333334,0.0,10.0,0.0,
Heart,NST,0.0,1,0.7777777777777778,36.84722116258409,6.0,0.0388832092285156,
Heart,NSF,0.0,1,0.7777777777777778,34.664293727168335,6.2,0.1523694992065429,
Heart,NST,0.1,1,0.7777777777777778,30.439191818237305,7.0,0.0383038520812988,
Heart,NSF,0.1,1,0.7592592592592593,28.85977406148557,6.4,0.1565022468566894,
Heart,NST,0.25,1,0.7777777777777778,28.654386520385746,6.0,0.0368859767913818,
Heart,NSF,0.25,1,0.8333333333333334,23.74355137083266,6.4,0.1524398326873779,
Heart,NST,0.5,1,0.7037037037037037,25.10160255432129,6.0,0.0445411205291748,
Heart,NSF,0.5,1,0.7407407407407407,22.7514622081945,7.2,0.1709668636322021,
Heart,CART,0.0,2,0.8518518518518519,0.0,9.0,0.0,
Heart,RF,0.0,2,0.9444444444444444,0.0,10.0,0.0,
Heart,NST,0.0,2,0.8333333333333334,37.83309975376836,7.0,0.0429966449737548,
Heart,NSF,0.0,2,0.8888888888888888,35.040516086272255,6.8,0.1808094978332519,
Heart,NST,0.1,2,0.8518518518518519,29.58598686147619,6.0,0.0400950908660888,
Heart,NSF,0.1,2,0.8333333333333334,29.35031442112393,7.6,0.1741142272949218,
Heart,NST,0.25,2,0.8333333333333334,29.153329019193297,7.0,0.0420503616333007,
Heart,NSF,0.25,2,0.8148148148148148,25.88933521818232,7.4,0.1690948009490966,
Heart,NST,0.5,2,0.8518518518518519,25.65397453308105,7.0,0.048959732055664,
Heart,NSF,0.5,2,0.7777777777777778,23.80700146710432,7.0,0.1786901950836181,
Heart,CART,0.0,3,0.7407407407407407,0.0,9.0,0.0,
Heart,RF,0.0,3,0.7962962962962963,0.0,10.0,0.0,
Heart,NST,0.0,3,0.7962962962962963,40.32337524272777,6.0,0.0364136695861816,
Heart,NSF,0.0,3,0.7037037037037037,36.92379571361306,5.8,0.1490316390991211,
Heart,NST,0.1,3,0.7222222222222222,35.55829664512917,6.0,0.0400516986846923,
Heart,NSF,0.1,3,0.7407407407407407,31.01562643463229,6.2,0.1554381847381591,
Heart,NST,0.25,3,0.6481481481481481,32.14246739281548,6.0,0.0346026420593261,
Heart,NSF,0.25,3,0.6851851851851852,28.35320491290388,6.6,0.1526377201080322,
Heart,NST,0.5,3,0.7037037037037037,29.701847076416016,6.0,0.0372133255004882,
Heart,NSF,0.5,3,0.7222222222222222,24.74872583342187,7.0,0.1671030521392822,
Heart,CART,0.0,4,0.6481481481481481,0.0,10.0,0.0,
Heart,RF,0.0,4,0.7777777777777778,0.0,10.0,0.0,
Heart,NST,0.0,4,0.7592592592592593,36.87919998168945,8.0,0.0417022705078125,
Heart,NSF,0.0,4,0.7222222222222222,33.903952362507944,6.2,0.1501798629760742,
Heart,NST,0.1,4,0.7037037037037037,28.07193959200824,7.0,0.0427229404449462,
Heart,NSF,0.1,4,0.7592592592592593,30.70086048532415,7.0,0.1561403274536132,
Heart,NST,0.25,4,0.6851851851851852,26.434833932805944,7.0,0.0373928546905517,
Heart,NSF,0.25,4,0.8333333333333334,23.38648409166454,6.6,0.158433198928833,
Heart,NST,0.5,4,0.6666666666666666,24.341615676879883,7.0,0.0523972511291503,
Heart,NSF,0.5,4,0.6851851851851852,20.40821867989905,7.8,0.1913602352142334,
Heart,CART,0.0,5,0.6851851851851852,0.0,8.0,0.0,
Heart,RF,0.0,5,0.7222222222222222,0.0,10.0,0.0,
Heart,NST,0.0,5,0.6851851851851852,33.77147307219329,7.0,0.0368182659149169,
Heart,NSF,0.0,5,0.7037037037037037,36.325478244122166,5.6,0.138627290725708,
Heart,NST,0.1,5,0.6296296296296297,31.45459895663792,5.0,0.0353560447692871,
Heart,NSF,0.1,5,0.6111111111111112,26.053683906720007,5.8,0.1431972980499267,
Heart,NST,0.25,5,0.6481481481481481,24.46482087947704,5.0,0.0392172336578369,
Heart,NSF,0.25,5,0.7037037037037037,23.28972156518771,6.2,0.1653468608856201,
Heart,NST,0.5,5,0.6111111111111112,23.19700813293457,7.0,0.046295166015625,
Heart,NSF,0.5,5,0.6666666666666666,20.859095906916963,7.0,0.1793253421783447,
HAR,CART,0.0,1,0.9451456310679612,0.0,10.0,0.0,
HAR,RF,0.0,1,0.9728155339805824,0.0,10.0,0.0,
HAR,NST,0.0,1,0.9131067961165048,41.17597198486328,10.0,50.51595377922058,
HAR,NSF,0.0,1,0.9427184466019416,41.2887258043104,10.0,234.0727157592773,
HAR,NST,0.1,1,0.8679611650485437,29.837610244750977,10.0,54.66110038757324,
HAR,NSF,0.1,1,0.9213592233009708,29.90982086884552,10.0,249.2569804191589,
HAR,NST,0.25,1,0.8694174757281553,28.52359962463379,10.0,59.598711013793945,
HAR,NSF,0.25,1,0.9121359223300972,27.417018241519685,10.0,266.59727692604065,
HAR,NST,0.5,1,0.8985436893203883,24.08087730407715,10.0,62.52794790267944,
HAR,NSF,0.5,1,0.9116504854368932,23.948242236642,10.0,281.6285779476166,
HAR,CART,0.0,2,0.9310679611650484,0.0,10.0,0.0,
HAR,RF,0.0,2,0.9679611650485436,0.0,10.0,0.0,
HAR,NST,0.0,2,0.9150485436893204,48.479976654052734,10.0,52.528738021850586,
HAR,NSF,0.0,2,0.9451456310679612,50.95482528300733,10.0,228.8513593673706,
HAR,NST,0.1,2,0.8922330097087379,30.55164909362793,10.0,52.303943157196045,
HAR,NSF,0.1,2,0.925242718446602,31.499333065242823,10.0,250.02836084365845,
HAR,NST,0.25,2,0.8728155339805825,28.453325271606445,10.0,60.25908517837525,
HAR,NSF,0.25,2,0.9053398058252428,27.85965105217252,10.0,269.4152615070343,
HAR,NST,0.5,2,0.875242718446602,24.875226974487305,10.0,66.41936993598938,
HAR,NSF,0.5,2,0.8995145631067961,24.41830348653701,10.0,291.8953866958618,
HAR,CART,0.0,3,0.9286407766990292,0.0,10.0,0.0,
HAR,RF,0.0,3,0.9718446601941748,0.0,10.0,0.0,
HAR,NST,0.0,3,0.9063106796116503,41.06627655029297,10.0,53.54879689216614,
HAR,NSF,0.0,3,0.9228155339805824,45.82104853727285,10.0,253.40326571464536,
HAR,NST,0.1,3,0.8796116504854369,29.732080459594727,10.0,56.37047553062439,
HAR,NSF,0.1,3,0.8941747572815534,29.786455749894422,10.0,256.9259295463562,
HAR,NST,0.25,3,0.8723300970873786,29.14889335632324,10.0,59.36921095848084,
HAR,NSF,0.25,3,0.912621359223301,26.23324163496301,10.0,270.6450171470642,
HAR,NST,0.5,3,0.9004854368932039,23.496782302856445,10.0,60.19759750366211,
HAR,NSF,0.5,3,0.9150485436893204,23.567292478123147,10.0,285.16314482688904,
HAR,CART,0.0,4,0.9393203883495146,0.0,10.0,0.0,
HAR,RF,0.0,4,0.9718446601941748,0.0,10.0,0.0,
HAR,NST,0.0,4,0.8616504854368932,46.17412185668945,10.0,50.85918068885803,
HAR,NSF,0.0,4,0.8995145631067961,46.39824106290503,10.0,226.4097161293029,
HAR,NST,0.1,4,0.8150485436893203,30.60930633544922,10.0,55.0873773097992,
HAR,NSF,0.1,4,0.8757281553398059,29.587876612569136,10.0,247.90016436576843,
HAR,NST,0.25,4,0.8990291262135922,26.55429458618164,10.0,63.01871538162232,
HAR,NSF,0.25,4,0.9150485436893204,25.57387642380489,10.0,258.2389585971832,
HAR,NST,0.5,4,0.8868932038834951,24.65338516235352,10.0,60.16706442832947,
HAR,NSF,0.5,4,0.9024271844660194,24.41075235606011,10.0,279.3011221885681,
HAR,CART,0.0,5,0.9349198640116562,0.0,10.0,0.0,
HAR,RF,0.0,5,0.9757163671685284,0.0,10.0,0.0,
HAR,NST,0.0,5,0.904322486644002,48.36426162719727,10.0,50.64741849899292,
HAR,NSF,0.0,5,0.9052938319572608,48.11827820494894,10.0,224.9021716117859,
HAR,NST,0.1,5,0.8771248178727538,29.89853286743164,10.0,49.47549843788147,
HAR,NSF,0.1,5,0.8858669256920836,30.860802350338368,10.0,245.6210250854492,
HAR,NST,0.25,5,0.8698397280233123,26.642045974731445,10.0,54.35268545150757,
HAR,NSF,0.25,5,0.8946090335114133,26.26340950144057,10.0,267.4241464138031,
HAR,NST,0.5,5,0.8882952889752307,24.28902244567871,10.0,60.64209508895874,
HAR,NSF,0.5,5,0.9028654686741135,23.90376407591023,10.0,283.8055565357208,
MNIST,CART,0.0,1,0.7970714285714285,0.0,10.0,0.0,
MNIST,RF,0.0,1,0.91,0.0,10.0,0.0,
MNIST,NST,0.0,1,0.8082857142857143,42.1634407043457,10.0,28.286827564239506,
MNIST,NSF,0.0,1,0.8476428571428571,41.994621471761526,10.0,136.4698874950409,
MNIST,NST,0.1,1,0.809,41.33360290527344,10.0,29.090574741363525,
MNIST,NSF,0.1,1,0.847,41.575419028883886,10.0,139.31878447532654,
MNIST,NST,0.25,1,0.7970714285714285,41.228614807128906,10.0,27.23266053199768,
MNIST,NSF,0.25,1,0.8327142857142857,41.14720558494159,10.0,130.1798176765442,
MNIST,NST,0.5,1,0.7156428571428571,41.16684722900391,10.0,15.976750135421751,
MNIST,NSF,0.5,1,0.7425,40.91735224963143,10.0,83.679931640625,
MNIST,CART,0.0,2,0.7875,0.0,10.0,0.0,
MNIST,RF,0.0,2,0.9101428571428573,0.0,10.0,0.0,
MNIST,NST,0.0,2,0.7986428571428571,42.257911682128906,10.0,29.65943431854248,
MNIST,NSF,0.0,2,0.8382142857142857,42.00980094334965,10.0,141.14357018470764,
MNIST,NST,0.1,2,0.7939285714285714,41.492897033691406,10.0,28.747461318969727,
MNIST,NSF,0.1,2,0.8345714285714285,41.78746006083034,10.0,136.58904838562012,
MNIST,NST,0.25,2,0.7897142857142857,41.47837448120117,10.0,25.782708168029785,
MNIST,NSF,0.25,2,0.8283571428571429,41.30880910005797,10.0,126.94232511520386,
MNIST,NST,0.5,2,0.6901428571428572,41.22766876220703,10.0,16.493930101394653,
MNIST,NSF,0.5,2,0.7087142857142857,41.03921185117449,10.0,80.90889692306519,
MNIST,CART,0.0,3,0.7941428571428572,0.0,10.0,0.0,
MNIST,RF,0.0,3,0.9151428571428571,0.0,10.0,0.0,
MNIST,NST,0.0,3,0.813,42.47468185424805,10.0,28.94658374786377,
MNIST,NSF,0.0,3,0.8487857142857143,42.35043434647152,10.0,140.47842955589294,
MNIST,NST,0.1,3,0.8135,41.951507568359375,10.0,29.483534574508667,
MNIST,NSF,0.1,3,0.8561428571428571,41.89149393370492,10.0,139.56356739997864,
MNIST,NST,0.25,3,0.8073571428571429,41.91370391845703,10.0,26.32437896728516,
MNIST,NSF,0.25,3,0.8455,41.53755594156357,10.0,129.6415627002716,
MNIST,NST,0.5,3,0.7378571428571429,41.13213348388672,10.0,17.024816513061523,
MNIST,NSF,0.5,3,0.7501428571428571,41.35171967934427,10.0,81.12892460823059,
MNIST,CART,0.0,4,0.7904285714285715,0.0,10.0,0.0,
MNIST,RF,0.0,4,0.9147857142857144,0.0,10.0,0.0,
MNIST,NST,0.0,4,0.8034285714285714,42.04921340942383,10.0,29.74414825439453,
MNIST,NSF,0.0,4,0.8500714285714286,42.01686339423089,10.0,142.40859699249268,
MNIST,NST,0.1,4,0.8121428571428572,41.45351409912109,10.0,28.452423095703125,
MNIST,NSF,0.1,4,0.8426428571428571,41.479636784950905,10.0,136.8965892791748,
MNIST,NST,0.25,4,0.8016428571428571,41.289794921875,10.0,25.442397832870483,
MNIST,NSF,0.25,4,0.8314285714285714,41.34894464640617,10.0,124.9663953781128,
MNIST,NST,0.5,4,0.7070714285714286,41.14177703857422,10.0,16.089341163635254,
MNIST,NSF,0.5,4,0.7297142857142858,40.952367264175415,10.0,82.59489512443542,
MNIST,CART,0.0,5,0.7922857142857143,0.0,10.0,0.0,
MNIST,RF,0.0,5,0.9136428571428572,0.0,10.0,0.0,
MNIST,NST,0.0,5,0.8125714285714286,42.166805267333984,10.0,28.729610681533813,
MNIST,NSF,0.0,5,0.8524285714285714,42.07177366284643,10.0,140.4764425754547,
MNIST,NST,0.1,5,0.8137142857142857,41.51142501831055,10.0,28.76282572746277,
MNIST,NSF,0.1,5,0.8545714285714285,41.63433223674637,10.0,136.28965735435486,
MNIST,NST,0.25,5,0.8118571428571428,41.40461730957031,10.0,27.342061519622803,
MNIST,NSF,0.25,5,0.8402142857142857,41.49814801579884,10.0,128.12571454048157,
MNIST,NST,0.5,5,0.7362857142857143,41.27575302124024,10.0,16.057415008544922,
MNIST,NSF,0.5,5,0.7605,41.2413132615816,10.0,88.39985775947571,
Fashion-MNIST,CART,0.0,1,0.7588571428571429,0.0,10.0,0.0,
Fashion-MNIST,RF,0.0,1,0.8318571428571429,0.0,10.0,0.0,
Fashion-MNIST,NST,0.0,1,0.7634285714285715,44.3284912109375,10.0,26.800392866134644,
Fashion-MNIST,NSF,0.0,1,0.7820714285714285,44.20209752611432,10.0,128.20018529891968,
Fashion-MNIST,NST,0.1,1,0.7603571428571428,44.30123519897461,10.0,24.34863543510437,
Fashion-MNIST,NSF,0.1,1,0.7887857142857143,44.16631350103332,10.0,118.38766813278198,
Fashion-MNIST,NST,0.25,1,0.7525714285714286,42.766212463378906,10.0,18.125046730041504,
Fashion-MNIST,NSF,0.25,1,0.76,42.91933738827479,10.0,96.16063237190248,
Fashion-MNIST,NST,0.5,1,0.677,42.09038543701172,10.0,13.166154623031616,
Fashion-MNIST,NSF,0.5,1,0.6821428571428572,42.13818606933412,10.0,68.27888059616089,
Fashion-MNIST,CART,0.0,2,0.7572857142857143,0.0,10.0,0.0,
Fashion-MNIST,RF,0.0,2,0.828,0.0,10.0,0.0,
Fashion-MNIST,NST,0.0,2,0.7550714285714286,44.57486724853516,10.0,27.2444396018982,
Fashion-MNIST,NSF,0.0,2,0.7940714285714285,44.38729894879659,10.0,129.73526120185852,
Fashion-MNIST,NST,0.1,2,0.7651428571428571,44.28192901611328,10.0,24.57279062271118,
Fashion-MNIST,NSF,0.1,2,0.792,44.27458384553819,10.0,114.83202266693117,
Fashion-MNIST,NST,0.25,2,0.7638571428571429,42.8881950378418,10.0,18.78812003135681,
Fashion-MNIST,NSF,0.25,2,0.7771428571428571,42.64487931076686,10.0,97.77676153182983,
Fashion-MNIST,NST,0.5,2,0.6797857142857143,42.11668014526367,10.0,13.365452527999878,
Fashion-MNIST,NSF,0.5,2,0.6827857142857143,42.21211704782304,10.0,64.9118082523346,
Fashion-MNIST,CART,0.0,3,0.7555,0.0,10.0,0.0,
Fashion-MNIST,RF,0.0,3,0.8268571428571428,0.0,10.0,0.0,
Fashion-MNIST,NST,0.0,3,0.7315714285714285,44.175025939941406,10.0,27.33824348449707,
Fashion-MNIST,NSF,0.0,3,0.7810714285714285,44.14655382197016,10.0,129.1408941745758,
Fashion-MNIST,NST,0.1,3,0.7552857142857143,44.22042846679688,10.0,23.945998191833496,
Fashion-MNIST,NSF,0.1,3,0.7841428571428571,44.09438376146498,10.0,117.98673057556152,
Fashion-MNIST,NST,0.25,3,0.7445714285714286,42.76548385620117,10.0,20.123441696166992,
Fashion-MNIST,NSF,0.25,3,0.7645714285714286,42.64431750674474,10.0,95.25169491767883,
Fashion-MNIST,NST,0.5,3,0.6715,42.2537956237793,10.0,11.709673881530762,
Fashion-MNIST,NSF,0.5,3,0.6700714285714285,42.2407213744754,10.0,60.44112205505371,
Fashion-MNIST,CART,0.0,4,0.7515714285714286,0.0,10.0,0.0,
Fashion-MNIST,RF,0.0,4,0.8252142857142857,0.0,10.0,0.0,
Fashion-MNIST,NST,0.0,4,0.7526428571428572,44.29970550537109,10.0,27.75322747230529,
Fashion-MNIST,NSF,0.0,4,0.7854285714285715,44.35532794376556,10.0,132.0583782196045,
Fashion-MNIST,NST,0.1,4,0.7588571428571429,44.16183853149414,10.0,24.894368886947632,
Fashion-MNIST,NSF,0.1,4,0.7876428571428571,44.26492113781883,10.0,120.17252826690674,
Fashion-MNIST,NST,0.25,4,0.7448571428571429,42.90024185180664,10.0,19.12546420097351,
Fashion-MNIST,NSF,0.25,4,0.769,42.64054408390409,10.0,95.63382458686829,
Fashion-MNIST,NST,0.5,4,0.67,42.25006866455078,10.0,12.94368839263916,
Fashion-MNIST,NSF,0.5,4,0.6725,42.23749474059513,10.0,64.80016732215881,
Fashion-MNIST,CART,0.0,5,0.7555,0.0,10.0,0.0,
Fashion-MNIST,RF,0.0,5,0.8263571428571429,0.0,10.0,0.0,
Fashion-MNIST,NST,0.0,5,0.7651428571428571,44.3634147644043,10.0,26.87445306777954,
Fashion-MNIST,NSF,0.0,5,0.7891428571428571,44.21096719532466,10.0,128.59817337989807,
Fashion-MNIST,NST,0.1,5,0.7662142857142857,44.37448120117188,10.0,24.04873752593994,
Fashion-MNIST,NSF,0.1,5,0.7841428571428571,44.21284035705384,10.0,118.0128161907196,
Fashion-MNIST,NST,0.25,5,0.7507142857142857,42.76788711547852,10.0,18.50171113014221,
Fashion-MNIST,NSF,0.25,5,0.7705,42.69468134354637,10.0,97.42456245422365,
Fashion-MNIST,NST,0.5,5,0.6518571428571428,42.32748031616211,10.0,11.960983991622925,
Fashion-MNIST,NSF,0.5,5,0.6555714285714286,42.41150649381365,10.0,63.00638699531555,
BreastCancer,XGBoost,0.0,1,0.9649122807017544,0.0,6.0,0.0,
BreastCancer,LightGBM,0.0,1,0.9824561403508772,0.0,6.0,0.0,
BreastCancer,CatBoost,0.0,1,0.9736842105263158,0.0,6.0,0.0,
BreastCancer,XGBoost,0.0,2,0.9736842105263158,0.0,6.0,0.0,
BreastCancer,LightGBM,0.0,2,0.9736842105263158,0.0,6.0,0.0,
BreastCancer,CatBoost,0.0,2,0.956140350877193,0.0,6.0,0.0,
BreastCancer,XGBoost,0.0,3,0.9824561403508772,0.0,6.0,0.0,
BreastCancer,LightGBM,0.0,3,0.9649122807017544,0.0,6.0,0.0,
BreastCancer,CatBoost,0.0,3,0.9824561403508772,0.0,6.0,0.0,
BreastCancer,XGBoost,0.0,4,0.956140350877193,0.0,6.0,0.0,
BreastCancer,LightGBM,0.0,4,0.9649122807017544,0.0,6.0,0.0,
BreastCancer,CatBoost,0.0,4,0.9649122807017544,0.0,6.0,0.0,
BreastCancer,XGBoost,0.0,5,0.9823008849557522,0.0,6.0,0.0,
BreastCancer,LightGBM,0.0,5,0.9646017699115044,0.0,6.0,0.0,
BreastCancer,CatBoost,0.0,5,0.9646017699115044,0.0,6.0,0.0,
Wine,XGBoost,0.0,1,0.796875,0.0,6.0,0.0,
Wine,LightGBM,0.0,1,0.775,0.0,6.0,0.0,
Wine,CatBoost,0.0,1,0.75,0.0,6.0,0.0,
Wine,XGBoost,0.0,2,0.784375,0.0,6.0,0.0,
Wine,LightGBM,0.0,2,0.775,0.0,6.0,0.0,
Wine,CatBoost,0.0,2,0.746875,0.0,6.0,0.0,
Wine,XGBoost,0.0,3,0.828125,0.0,6.0,0.0,
Wine,LightGBM,0.0,3,0.85,0.0,6.0,0.0,
Wine,CatBoost,0.0,3,0.76875,0.0,6.0,0.0,
Wine,XGBoost,0.0,4,0.825,0.0,6.0,0.0,
Wine,LightGBM,0.0,4,0.81875,0.0,6.0,0.0,
Wine,CatBoost,0.0,4,0.79375,0.0,6.0,0.0,
Wine,XGBoost,0.0,5,0.8056426332288401,0.0,6.0,0.0,
Wine,LightGBM,0.0,5,0.799373040752351,0.0,6.0,0.0,
Wine,CatBoost,0.0,5,0.768025078369906,0.0,6.0,0.0,
Heart,XGBoost,0.0,1,0.7407407407407407,0.0,6.0,0.0,
Heart,LightGBM,0.0,1,0.7962962962962963,0.0,6.0,0.0,
Heart,CatBoost,0.0,1,0.7962962962962963,0.0,6.0,0.0,
Heart,XGBoost,0.0,2,0.8703703703703703,0.0,6.0,0.0,
Heart,LightGBM,0.0,2,0.9074074074074074,0.0,6.0,0.0,
Heart,CatBoost,0.0,2,0.925925925925926,0.0,6.0,0.0,
Heart,XGBoost,0.0,3,0.8148148148148148,0.0,6.0,0.0,
Heart,LightGBM,0.0,3,0.8148148148148148,0.0,6.0,0.0,
Heart,CatBoost,0.0,3,0.8333333333333334,0.0,6.0,0.0,
Heart,XGBoost,0.0,4,0.7962962962962963,0.0,6.0,0.0,
Heart,LightGBM,0.0,4,0.7962962962962963,0.0,6.0,0.0,
Heart,CatBoost,0.0,4,0.7592592592592593,0.0,6.0,0.0,
Heart,XGBoost,0.0,5,0.6851851851851852,0.0,6.0,0.0,
Heart,LightGBM,0.0,5,0.7037037037037037,0.0,6.0,0.0,
Heart,CatBoost,0.0,5,0.7222222222222222,0.0,6.0,0.0,
HAR,XGBoost,0.0,1,0.987378640776699,0.0,6.0,0.0,
HAR,LightGBM,0.0,1,0.991747572815534,0.0,6.0,0.0,
HAR,CatBoost,0.0,1,0.9689320388349516,0.0,6.0,0.0,
HAR,XGBoost,0.0,2,0.987378640776699,0.0,6.0,0.0,
HAR,LightGBM,0.0,2,0.9936893203883496,0.0,6.0,0.0,
HAR,CatBoost,0.0,2,0.9771844660194174,0.0,6.0,0.0,
HAR,XGBoost,0.0,3,0.9898058252427184,0.0,6.0,0.0,
HAR,LightGBM,0.0,3,0.991747572815534,0.0,6.0,0.0,
HAR,CatBoost,0.0,3,0.9718446601941748,0.0,6.0,0.0,
HAR,XGBoost,0.0,4,0.9893203883495144,0.0,6.0,0.0,
HAR,LightGBM,0.0,4,0.9922330097087378,0.0,6.0,0.0,
HAR,CatBoost,0.0,4,0.9728155339805824,0.0,6.0,0.0,
HAR,XGBoost,0.0,5,0.9888295288975232,0.0,6.0,0.0,
HAR,LightGBM,0.0,5,0.9922292374939292,0.0,6.0,0.0,
HAR,CatBoost,0.0,5,0.9757163671685284,0.0,6.0,0.0,
MNIST,XGBoost,0.0,1,0.9735,0.0,6.0,0.0,
MNIST,LightGBM,0.0,1,0.9780714285714286,0.0,6.0,0.0,
MNIST,CatBoost,0.0,1,0.9536428571428572,0.0,6.0,0.0,
MNIST,XGBoost,0.0,2,0.9725,0.0,6.0,0.0,
MNIST,LightGBM,0.0,2,0.978,0.0,6.0,0.0,
MNIST,CatBoost,0.0,2,0.9517857142857142,0.0,6.0,0.0,
MNIST,XGBoost,0.0,3,0.9752142857142856,0.0,6.0,0.0,
MNIST,LightGBM,0.0,3,0.9799285714285716,0.0,6.0,0.0,
MNIST,CatBoost,0.0,3,0.9511428571428572,0.0,6.0,0.0,
MNIST,XGBoost,0.0,4,0.9744285714285714,0.0,6.0,0.0,
MNIST,LightGBM,0.0,4,0.9807857142857144,0.0,6.0,0.0,
MNIST,CatBoost,0.0,4,0.9546428571428572,0.0,6.0,0.0,
MNIST,XGBoost,0.0,5,0.9755,0.0,6.0,0.0,
MNIST,LightGBM,0.0,5,0.9797142857142858,0.0,6.0,0.0,
MNIST,CatBoost,0.0,5,0.9546428571428572,0.0,6.0,0.0,
Fashion-MNIST,XGBoost,0.0,1,0.9047857142857144,0.0,6.0,0.0,
Fashion-MNIST,LightGBM,0.0,1,0.9131428571428571,0.0,6.0,0.0,
Fashion-MNIST,CatBoost,0.0,1,0.8677857142857143,0.0,6.0,0.0,
Fashion-MNIST,XGBoost,0.0,2,0.9059285714285714,0.0,6.0,0.0,
Fashion-MNIST,LightGBM,0.0,2,0.9090714285714284,0.0,6.0,0.0,
Fashion-MNIST,CatBoost,0.0,2,0.8650714285714286,0.0,6.0,0.0,
Fashion-MNIST,XGBoost,0.0,3,0.8981428571428571,0.0,6.0,0.0,
Fashion-MNIST,LightGBM,0.0,3,0.9041428571428572,0.0,6.0,0.0,
Fashion-MNIST,CatBoost,0.0,3,0.8528571428571429,0.0,6.0,0.0,
Fashion-MNIST,XGBoost,0.0,4,0.9023571428571427,0.0,6.0,0.0,
Fashion-MNIST,LightGBM,0.0,4,0.9100714285714284,0.0,6.0,0.0,
Fashion-MNIST,CatBoost,0.0,4,0.8588571428571429,0.0,6.0,0.0,
Fashion-MNIST,XGBoost,0.0,5,0.9028571428571428,0.0,6.0,0.0,
Fashion-MNIST,LightGBM,0.0,5,0.9081428571428573,0.0,6.0,0.0,
Fashion-MNIST,CatBoost,0.0,5,0.8627142857142858,0.0,6.0,0.0,
CIFAR-10,CART,0.0,1,0.8367142857142857,0.0,10.0,0.0,
CIFAR-10,RF,0.0,1,0.9425714285714286,0.0,10.0,0.0,
CIFAR-10,XGBoost,0.0,1,0.9735,0.0,6.0,0.0,
CIFAR-10,LightGBM,0.0,1,0.9780714285714286,0.0,6.0,0.0,
CIFAR-10,CatBoost,0.0,1,0.9536428571428572,0.0,6.0,0.0,
CIFAR-10,NST,0.0,1,0.8663571428571428,53.95268506130842,10.0,529.8592114448547,
CIFAR-10,NSF,0.0,1,0.9333571428571428,51.549428102435705,10.0,5978.488840579987,
CIFAR-10,NST,0.1,1,0.7502857142857143,39.45344447458816,10.0,1847.2802298069,
CIFAR-10,NSF,0.1,1,0.9142142857142858,38.16284137457192,10.0,62670.72371888161,
CIFAR-10,NST,0.25,1,0.7612857142857142,24.51182020206505,10.0,707.7429802417755,
CIFAR-10,NSF,0.25,1,0.8837857142857143,21.900214175582995,10.0,6657.698218345642,
CIFAR-10,NST,0.5,1,0.7671428571428571,19.76204107965365,10.0,717.1533765792847,
CIFAR-10,NSF,0.5,1,0.9,19.73760345675074,10.0,6693.410904169083,
CIFAR-10,CART,0.0,2,0.8449285714285715,0.0,10.0,0.0,
CIFAR-10,RF,0.0,2,0.944,0.0,10.0,0.0,
CIFAR-10,XGBoost,0.0,2,0.9725,0.0,6.0,0.0,
CIFAR-10,LightGBM,0.0,2,0.978,0.0,6.0,0.0,
CIFAR-10,CatBoost,0.0,2,0.9517857142857142,0.0,6.0,0.0,
CIFAR-10,NST,0.0,2,0.8332857142857143,54.30869855920231,10.0,525.9130125045776,
CIFAR-10,NSF,0.0,2,0.9178571428571428,53.76749470334804,10.0,5801.176346540451,
CIFAR-10,NST,0.1,2,0.8344285714285714,41.014974314328285,10.0,865.118328332901,
CIFAR-10,NSF,0.1,2,0.9027857142857144,38.286651031322265,10.0,6922.065158367157,
CIFAR-10,NST,0.25,2,0.8289285714285715,24.029203963689795,10.0,674.2384922504425,
CIFAR-10,NSF,0.25,2,0.8797142857142857,22.023995124869348,10.0,6098.500116825104,
CIFAR-10,NST,0.5,2,0.774,19.95434126695746,10.0,643.246575832367,
CIFAR-10,NSF,0.5,2,0.8694285714285714,19.77086575962464,10.0,6077.478069543839,
CIFAR-10,CART,0.0,3,0.842,0.0,10.0,0.0,
CIFAR-10,RF,0.0,3,0.9452142857142856,0.0,10.0,0.0,
CIFAR-10,XGBoost,0.0,3,0.9752142857142856,0.0,6.0,0.0,
CIFAR-10,LightGBM,0.0,3,0.9799285714285716,0.0,6.0,0.0,
CIFAR-10,CatBoost,0.0,3,0.9511428571428572,0.0,6.0,0.0,
CIFAR-10,NST,0.0,3,0.6035,54.41227717801221,10.0,570.0591356754303,
CIFAR-10,NSF,0.0,3,0.8386428571428571,53.30534011758005,10.0,5457.42729973793,
CIFAR-10,NST,0.1,3,0.8076428571428571,39.94108480342787,10.0,643.3645057678223,
CIFAR-10,NSF,0.1,3,0.8838571428571429,37.56472969823191,10.0,5966.84000992775,
CIFAR-10,NST,0.25,3,0.8455714285714285,23.041922587910125,10.0,661.9323935508728,
CIFAR-10,NSF,0.25,3,0.8926428571428572,21.97981580288579,10.0,6117.074156284332,
CIFAR-10,NST,0.5,3,0.6947142857142857,19.872497915122747,10.0,646.9666740894318,
CIFAR-10,NSF,0.5,3,0.8751428571428571,19.74793101143909,10.0,6087.542299032211,
CIFAR-10,CART,0.0,4,0.8412142857142858,0.0,10.0,0.0,
CIFAR-10,CatBoost,0.0,4,0.9521904761904764,0.0,6.0,0.0,
CIFAR-10,LightGBM,0.0,4,0.9786666666666668,0.0,6.0,0.0,
CIFAR-10,NSF,0.0,4,0.8966190476190476,52.874087641121264,10.0,5745.697495619456,
CIFAR-10,NSF,0.1,4,0.9002857142857144,38.00474070137536,10.0,25186.54296239217,
CIFAR-10,NSF,0.25,4,0.8853809523809524,21.968008367779376,10.0,6291.090830485026,
CIFAR-10,NSF,0.5,4,0.8815238095238095,19.75213340927149,10.0,6286.143757581711,
CIFAR-10,NST,0.0,4,0.7677142857142858,54.22455359950765,10.0,541.9437865416209,
CIFAR-10,NST,0.1,4,0.7974523809523809,40.136501197448105,10.0,1118.5876879692078,
CIFAR-10,NST,0.25,4,0.8119285714285714,23.860982251221657,10.0,681.3046220143636,
CIFAR-10,NST,0.5,4,0.7452857142857142,19.86296008724462,10.0,669.1222088336945,
CIFAR-10,RF,0.0,4,0.9439285714285712,0.0,10.0,0.0,
CIFAR-10,XGBoost,0.0,4,0.9737380952380952,0.0,6.0,0.0,
CIFAR-10,CART,0.0,5,0.8412142857142858,0.0,10.0,0.0,
CIFAR-10,CatBoost,0.0,5,0.9521904761904764,0.0,6.0,0.0,
CIFAR-10,LightGBM,0.0,5,0.9786666666666668,0.0,6.0,0.0,
CIFAR-10,NSF,0.0,5,0.8966190476190476,52.874087641121264,10.0,5745.697495619456,
CIFAR-10,NSF,0.1,5,0.9002857142857144,38.00474070137536,10.0,25186.54296239217,
CIFAR-10,NSF,0.25,5,0.8853809523809524,21.968008367779376,10.0,6291.090830485026,
CIFAR-10,NSF,0.5,5,0.8815238095238095,19.75213340927149,10.0,6286.143757581711,
CIFAR-10,NST,0.0,5,0.7677142857142858,54.22455359950765,10.0,541.9437865416209,
CIFAR-10,NST,0.1,5,0.7974523809523809,40.136501197448105,10.0,1118.5876879692078,
CIFAR-10,NST,0.25,5,0.8119285714285714,23.860982251221657,10.0,681.3046220143636,
CIFAR-10,NST,0.5,5,0.7452857142857142,19.86296008724462,10.0,669.1222088336945,
CIFAR-10,RF,0.0,5,0.9439285714285712,0.0,10.0,0.0,
CIFAR-10,XGBoost,0.0,5,0.9737380952380952,0.0,6.0,0.0,
SHD,CART,0.0,1,0.5479846449136276,0.0,10.0,0.0,
SHD,RF,0.0,1,0.8982725527831094,0.0,10.0,0.0,
SHD,NST,0.0,1,0.6271593090211133,41.368432322309594,10.0,17.90753149986267,9.389635316698657
SHD,NSF,0.0,1,0.7322456813819578,41.10157752299956,10.0,80.57325625419617,46.10172744721689
SHD,NST,0.1,1,0.6242802303262955,41.24088049397672,10.0,18.57533574104309,9.393953934740884
SHD,NSF,0.1,1,0.7600767754318618,40.24322992083957,10.0,79.27475666999817,46.144913627639156
SHD,NST,0.25,1,0.6146833013435701,38.665463272575685,10.0,17.191699743270874,9.325815738963533
SHD,NSF,0.25,1,0.7461612284069098,39.28570171092409,10.0,75.70771813392639,46.44961612284069
SHD,NST,0.5,1,0.5887715930902111,37.20677409041846,10.0,16.091562747955322,9.488483685220729
SHD,NSF,0.5,1,0.7216890595009597,37.543594162499076,10.0,75.42228817939758,46.55902111324376
SHD,CART,0.0,2,0.5700575815738963,0.0,10.0,0.0,
SHD,RF,0.0,2,0.9016314779270633,0.0,10.0,0.0,
SHD,NST,0.0,2,0.6065259117082533,41.500923144665585,10.0,17.735501766204834,9.359884836852208
SHD,NSF,0.0,2,0.7092130518234165,41.032072032386814,10.0,75.6784884929657,46.18953934740883
SHD,NST,0.1,2,0.5863723608445297,41.37081991056671,10.0,17.09329891204834,9.314779270633398
SHD,NSF,0.1,2,0.6928982725527831,40.74794082634516,10.0,76.62568545341492,46.26343570057582
SHD,NST,0.25,2,0.6017274472168906,40.252000204150534,10.0,17.04550313949585,9.349328214971209
SHD,NSF,0.25,2,0.699616122840691,40.08693526081694,10.0,78.17893242835999,46.438579654510555
SHD,NST,0.5,2,0.5738963531669866,37.2175098804556,10.0,13.082306385040283,9.68426103646833
SHD,NSF,0.5,2,0.6775431861804223,38.0310483302778,10.0,70.02166771888733,46.88579654510556
SHD,CART,0.0,3,0.5849328214971209,0.0,10.0,0.0,
SHD,RF,0.0,3,0.8929942418426103,0.0,10.0,0.0,
SHD,NST,0.0,3,0.6089251439539347,41.12965679388793,10.0,16.94223380088806,9.321497120921306
SHD,NSF,0.0,3,0.7058541266794626,41.254868812067556,10.0,77.52192854881287,46.32725527831094
SHD,NST,0.1,3,0.5873320537428023,39.96104740795385,10.0,17.596498250961304,9.405470249520153
SHD,NSF,0.1,3,0.7164107485604606,40.46898603511726,10.0,75.4849648475647,46.477927063339735
SHD,NST,0.25,3,0.572936660268714,39.824772082679594,10.0,17.144811391830444,9.456813819577736
SHD,NSF,0.25,3,0.6904990403071017,39.87007400006726,10.0,75.98178124427795,46.425623800383875
SHD,NST,0.5,3,0.5801343570057581,37.70168709119924,10.0,17.238640069961548,9.415547024952016
SHD,NSF,0.5,3,0.6847408829174664,37.46177841431713,10.0,74.44328093528748,47.0158349328215
SHD,CART,0.0,4,0.5700575815738963,0.0,10.0,0.0,
SHD,RF,0.0,4,0.9011516314779271,0.0,10.0,0.0,
SHD,NST,0.0,4,0.5614203454894434,40.10690475477395,10.0,17.464213848114014,9.231285988483686
SHD,NSF,0.0,4,0.685700575815739,40.610977222576594,10.0,74.07097458839417,45.53886756238004
SHD,NST,0.1,4,0.5599808061420346,39.90702058979102,10.0,17.452539920806885,9.26295585412668
SHD,NSF,0.1,4,0.6727447216890595,39.43436008960709,10.0,76.68350911140442,45.549904030710174
SHD,NST,0.25,4,0.5609404990403071,38.22934319856697,10.0,16.50052261352539,9.310940499040306
SHD,NSF,0.25,4,0.6880998080614203,38.76446566937673,10.0,75.57949614524841,45.87236084452975
SHD,NST,0.5,4,0.5633397312859885,37.16552518123711,10.0,15.783360242843628,9.338771593090211
SHD,NSF,0.5,4,0.668426103646833,37.03000565788541,10.0,73.54622268676758,46.95729366602687
SHD,CART,0.0,5,0.6026871401151631,0.0,10.0,0.0,
SHD,RF,0.0,5,0.9025911708253359,0.0,10.0,0.0,
SHD,NST,0.0,5,0.6094049904030711,40.81530102629728,10.0,16.986939430236816,9.414107485604607
SHD,NSF,0.0,5,0.7140115163147792,41.27114635538753,10.0,78.10102891921997,46.12619961612284
SHD,NST,0.1,5,0.6079654510556622,41.16826284417833,10.0,17.72845768928528,9.36084452975048
SHD,NSF,0.1,5,0.7212092130518234,40.53638105190513,10.0,76.23078155517578,46.27879078694818
SHD,NST,0.25,5,0.5681381957773513,40.06469778017304,10.0,16.903398036956787,9.304222648752399
SHD,NSF,0.25,5,0.7317658349328215,39.74307135916556,10.0,76.64113926887512,46.24616122840691
SHD,NST,0.5,5,0.5714971209213052,38.04835046959883,10.0,16.661844491958618,9.43809980806142
SHD,NSF,0.5,5,0.6703454894433781,37.769321075976976,10.0,73.23122954368591,46.51919385796545
